time,voltage,current
0.0,-65.0,0
3.432259064882426e-05,-64.99999895923592,0
0.3432602290788914,-64.99155411551845,0
0.9999999999999778,-64.97738800311187,0
1.000000000000011,-64.97738800311187,0
1.000040816669016,-64.97738714142709,0
1.4082075067180826,-64.97032761812576,0
1.9999999999999556,-64.96181016756371,0
2.000000000000022,-64.96181016756371,0
2.0001169939766297,-64.96180861741635,0
3.1700567600525225,-64.95401902248906,0
4.999999999999889,-64.94875362711491,0
5.000000000000055,-64.94351261782612,0
5.000053717757428,-64.94349441944576,0
5.519445895764829,-64.91550899958064,0
5.999999999999867,-64.89783200278862,0
6.000000000000067,-64.90307301207741,0
6.583296443163064,-64.93466977599375,0
9.343125802960822,-64.99345008902249,0
0.0,-65.0,5
3.432259064882426e-05,-64.99999895923592,5
0.3432602290788914,-64.99155411551845,5
0.9999999999999778,-64.97738800311187,5
1.000000000000011,-64.97738800311187,5
1.000040816669016,-64.97738714142709,5
1.4082075067180826,-64.97032761812576,5
1.9999999999999556,-64.96181016756371,5
2.000000000000022,-64.96181016756371,5
2.0001169939766297,-64.96180861741635,5
3.1700567600525225,-64.95401902248906,5
4.999999999999889,-64.94875362711491,5
5.000000000000055,-64.89110252493819,5
5.000053717757428,-64.89090084135009,5
5.157723400563398,-64.69423028850716,5
5.662650851286018,-64.43522644894783,5
5.999999999999867,-64.3206682642024,5
6.000000000000067,-64.37831936637913,5
6.192083537340455,-64.55895465311418,5
6.735654142689264,-64.74157260580621,5
8.570165492998163,-64.99890672530998,5
13.832164330479772,-65.18226928349287,5
0.0,-65.0,10
3.432259064882426e-05,-64.99999895923592,10
0.3432602290788914,-64.99155411551845,10
0.9999999999999778,-64.97738800311187,10
1.000000000000011,-64.97738800311187,10
1.000040816669016,-64.97738714142709,10
1.4082075067180826,-64.97032761812576,10
1.9999999999999556,-64.96181016756371,10
2.000000000000022,-64.96181016756371,10
2.0001169939766297,-64.96180861741635,10
3.1700567600525225,-64.95401902248906,10
4.999999999999889,-64.94875362711491,10
5.000000000000055,-64.83869243205025,10
5.000053717757428,-64.8383072632544,10
5.114259296743138,-64.52511926249375,10
5.4350185639554915,-64.135131922421,10
5.999999999999867,-63.73106938136408,10
6.000000000000067,-63.841130576428746,10
6.138629266636317,-64.13443287883842,10
6.481115064916517,-64.4191822129853,10
7.491908108850365,-64.78773085199906,10
10.05794456652467,-65.1741367303761,10
15.447239005185597,-65.1701442881518,10
0.0,-65.0,15
3.432259064882426e-05,-64.99999895923592,15
0.3432602290788914,-64.99155411551845,15
0.9999999999999778,-64.97738800311187,15
1.000000000000011,-64.97738800311187,15
1.000040816669016,-64.97738714142709,15
1.4082075067180826,-64.97032761812576,15
1.9999999999999556,-64.96181016756371,15
2.000000000000022,-64.96181016756371,15
2.0001169939766297,-64.96180861741635,15
3.1700567600525225,-64.95401902248906,15
4.999999999999889,-64.94875362711491,15
5.000000000000055,-64.78628233916231,15
5.000053717757428,-64.78571368515877,15
5.094086562740673,-64.37352076528833,15
5.338738691722524,-63.87378201237462,15
5.987189388671226,-63.15352914770564,15
5.999999999999867,-63.14459073950218,15
6.000000000000067,-63.307062027454776,15
6.114320533473833,-63.69405012480367,15
6.375914544209102,-64.06718116464982,15
7.094655474339277,-64.54169414029741,15
8.803912139809592,-65.06661371767719,15
12.281260212747098,-65.30218238675053,15
17.73439385928726,-64.95328560533511,15
0.0,-65.0,20
3.432259064882426e-05,-64.99999895923592,20
0.3432602290788914,-64.99155411551845,20
0.9999999999999778,-64.97738800311187,20
1.000000000000011,-64.97738800311187,20
1.000040816669016,-64.97738714142709,20
1.4082075067180826,-64.97032761812576,20
1.9999999999999556,-64.96181016756371,20
2.000000000000022,-64.96181016756371,20
2.0001169939766297,-64.96180861741635,20
3.1700567600525225,-64.95401902248906,20
4.999999999999889,-64.94875362711491,20
5.000000000000055,-64.73387224627437,20
5.000053717757428,-64.7331201070631,20
5.081837597707984,-64.23227335258986,20
5.283513356841266,-63.63494402292289,20
5.792097271154533,-62.80149800687529,20
5.999999999999867,-62.541667319194595,20
6.000000000000067,-62.75654870003513,20
6.099826211256704,-63.22866438597125,20
6.316493108181113,-63.67296667499841,20
6.879699925116432,-64.21724792586616,20
8.162956840748107,-64.85751090473367,20
10.791527702144784,-65.31672652072125,20
14.972390606288833,-65.1780659085535,20
19.153253510432883,-64.75984985666392,20
0.0,-65.0,25
3.432259064882426e-05,-64.99999895923592,25
0.3432602290788914,-64.99155411551845,25
0.9999999999999778,-64.97738800311187,25
1.000000000000011,-64.97738800311187,25
1.000040816669016,-64.97738714142709,25
1.4082075067180826,-64.97032761812576,25
1.9999999999999556,-64.96181016756371,25
2.000000000000022,-64.96181016756371,25
2.0001169939766297,-64.96180861741635,25
3.1700567600525225,-64.95401902248906,25
4.999999999999889,-64.94875362711491,25
5.000000000000055,-64.68146215338645,25
5.000053717757428,-64.68052652896743,25
5.073394059168275,-64.09820207729987,25
5.246975968725512,-63.41197900859334,25
5.6682486637547225,-62.47701153098431,25
5.999999999999867,-61.92239103380617,25
6.000000000000067,-62.18968250753464,25
6.08945495069792,-62.741323055527985,25
6.275387618200099,-63.25424735282535,25
6.73935716205312,-63.87274800868674,25
7.763980137575429,-64.61994488069769,25
9.839877006400648,-65.25759607617893,25
13.150110947813467,-65.33283572137695,25
16.460344889226285,-64.9541466463153,25
0.0,-65.0,30
3.432259064882426e-05,-64.99999895923592,30
0.3432602290788914,-64.99155411551845,30
0.9999999999999778,-64.97738800311187,30
1.000000000000011,-64.97738800311187,30
1.000040816669016,-64.97738714142709,30
1.4082075067180826,-64.97032761812576,30
1.9999999999999556,-64.96181016756371,30
2.000000000000022,-64.96181016756371,30
2.0001169939766297,-64.96180861741635,30
3.1700567600525225,-64.95401902248906,30
4.999999999999889,-64.94875362711491,30
5.000000000000055,-64.62905206049851,30
5.000053717757428,-64.62793295087177,30
5.067121490766724,-63.969536105309025,30
5.220687295423309,-63.20086110000462,30
5.581966753067222,-62.171249189662724,30
5.999999999999867,-61.28910650495568,30
6.000000000000067,-61.608808071572085,30
6.081744721441741,-62.23392950380654,30
6.245765049563609,-62.81224369885933,30
6.642564467247098,-63.5049362890449,30
7.496825287064214,-64.34964357351544,30
9.198344609794837,-65.14649451392357,30
11.93134042279792,-65.42383175507646,30
14.664336235801002,-65.13492369493028,30
18.796942194602163,-64.5830169074574,30
0.0,-65.0,35
3.432259064882426e-05,-64.99999895923592,35
0.3432602290788914,-64.99155411551845,35
0.9999999999999778,-64.97738800311187,35
1.000000000000011,-64.97738800311187,35
1.000040816669016,-64.97738714142709,35
1.4082075067180826,-64.97032761812576,35
1.9999999999999556,-64.96181016756371,35
2.000000000000022,-64.96181016756371,35
2.0001169939766297,-64.96180861741635,35
3.1700567600525225,-64.95401902248906,35
4.999999999999889,-64.94875362711491,35
5.000000000000055,-64.57664196761057,35
5.000053717757428,-64.5753393727761,35
5.062224920744872,-63.84515722337922,35
5.200694551572111,-62.999077880602655,35
5.518056561697095,-61.88194092742942,35
5.999999999999867,-60.64536766197391,35
6.000000000000067,-61.01747932147825,35
6.07567056380625,-61.70976870071856,35
6.223133845662144,-62.34722668111793,35
6.571078426200936,-63.10878855920274,35
7.306059001923016,-64.0494473989344,35
8.751798452522868,-64.99487796334864,35
11.064389177064275,-65.46048769091391,35
13.376979901605681,-65.284768813062,35
15.689570626147088,-64.93605300599134,35
0.0,-65.0,40
3.432259064882426e-05,-64.99999895923592,40
0.3432602290788914,-64.99155411551845,40
0.9999999999999778,-64.97738800311187,40
1.000000000000011,-64.97738800311187,40
1.000040816669016,-64.97738714142709,40
1.4082075067180826,-64.97032761812576,40
1.9999999999999556,-64.96181016756371,40
2.000000000000022,-64.96181016756371,40
2.0001169939766297,-64.96180861741635,40
3.1700567600525225,-64.95401902248906,40
4.999999999999889,-64.94875362711491,40
5.000000000000055,-64.52423187472263,40
5.000053717757428,-64.52274579468043,40
5.0582651105854195,-63.724301072646284,40
5.184878648950815,-62.804925803146226,40
5.468611813762527,-61.605778078033644,40
5.999999999999867,-59.991870524736136,40
6.000000000000067,-60.416392277128416,40
6.0707711142051215,-61.16911930112305,40
6.205281724261691,-61.860252279028664,40
6.516607556132873,-62.6860272271693,40
7.163965354235549,-63.721834332945,40
8.425190496836262,-64.80764358489844,40
10.422358212938546,-65.45192428967842,40
12.41952592904083,-65.39893654750988,40
14.416693645143114,-65.10750797805171,40
18.353419138243527,-64.46735247479451,40
0.0,-65.0,45
3.432259064882426e-05,-64.99999895923592,45
0.3432602290788914,-64.99155411551845,45
0.9999999999999778,-64.97738800311187,45
1.000000000000011,-64.97738800311187,45
1.000040816669016,-64.97738714142709,45
1.4082075067180826,-64.97032761812576,45
1.9999999999999556,-64.96181016756371,45
2.000000000000022,-64.96181016756371,45
2.0001169939766297,-64.96180861741635,45
3.1700567600525225,-64.95401902248906,45
4.999999999999889,-64.94875362711491,45
5.000000000000055,-64.4718217818347,45
5.000053717757428,-64.4701522165848,45
5.054976991986712,-63.606415406437996,45
5.171992541348954,-62.61718155479482,45
5.429094165634623,-61.34047668490607,45
5.937065733290527,-59.53286749544725,45
5.999999999999867,-59.35472676531516,45
6.000000000000067,-59.831658610595376,45
6.067003637089777,-60.637856559904186,45
6.192039139590084,-61.37417202753569,45
6.476687825671073,-62.24649866644467,45
7.060369656169548,-63.355289012326224,45
8.195071794767118,-64.5782505014816,45
9.988536972409644,-65.40587037682486,45
11.78200215005217,-65.4748604153697,45
13.575467327694696,-65.2463946044656,45
16.954964064687807,-64.65544184826418,45
0.0,-65.0,50
3.432259064882426e-05,-64.99999895923592,50
0.3432602290788914,-64.99155411551845,50
0.9999999999999778,-64.97738800311187,50
1.000000000000011,-64.97738800311187,50
1.000040816669016,-64.97738714142709,50
1.4082075067180826,-64.97032761812576,50
1.9999999999999556,-64.96181016756371,50
2.000000000000022,-64.96181016756371,50
2.0001169939766297,-64.96180861741635,50
3.1700567600525225,-64.95401902248906,50
4.999999999999889,-64.94875362711491,50
5.000000000000055,-64.41941168894677,50
5.000053717757428,-64.41755863848913,50
5.052189871380518,-63.491084507435424,50
5.161250306630869,-62.43492876716434,50
5.396703763180088,-61.08437520912363,50
5.855894001749171,-59.19132500901704,50
5.999999999999867,-58.69241174042463,50
6.000000000000067,-59.22175367859278,50
6.063588417866479,-60.082169369697446,50
6.180014905616209,-60.860496866258416,50
6.440753177923197,-61.767860158972,50
6.968346759761532,-62.935144529176334,50
7.998143837645294,-64.29288724408349,50
9.624520528667153,-65.31332808318983,50
11.250897219689012,-65.51952967116551,50
12.877273910710871,-65.37171112119633,50
15.816076626588245,-64.86325621640874,50
0.0,-65.0,55
3.432259064882426e-05,-64.99999895923592,55
0.3432602290788914,-64.99155411551845,55
0.9999999999999778,-64.97738800311187,55
1.000000000000011,-64.97738800311187,55
1.000040816669016,-64.97738714142709,55
1.4082075067180826,-64.97032761812576,55
1.9999999999999556,-64.96181016756371,55
2.000000000000022,-64.96181016756371,55
2.0001169939766297,-64.96180861741635,55
3.1700567600525225,-64.95401902248906,55
4.999999999999889,-64.94875362711491,55
5.000000000000055,-64.36700159605883,55
5.000053717757428,-64.36496506039344,55
5.049788202511619,-63.37798535554517,55
5.152129870572352,-62.25745832895852,55
5.3696150532185705,-60.835833317535105,55
5.788923919933115,-58.863986016445274,55
5.999999999999867,-58.00390397804964,55
6.000000000000067,-58.585656009105726,55
6.060622567805245,-59.495988988492854,55
6.16968526155978,-60.311490853429646,55
6.41043322268483,-61.25017531250989,55
6.892853873694544,-62.47221545454485,55
7.836275932251914,-63.958241629433566,55
9.32439615578551,-65.17671890467544,55
10.812516379319108,-65.53329223275558,55
12.300636602852705,-65.48241604086508,55
14.898897773580874,-65.07148535667139,55
18.886277081875836,-64.6515574046841,55
0.0,-65.0,60
3.432259064882426e-05,-64.99999895923592,60
0.3432602290788914,-64.99155411551845,60
0.9999999999999778,-64.97738800311187,60
1.000000000000011,-64.97738800311187,60
1.000040816669016,-64.97738714142709,60
1.4082075067180826,-64.97032761812576,60
1.9999999999999556,-64.96181016756371,60
2.000000000000022,-64.96181016756371,60
2.0001169939766297,-64.96180861741635,60
3.1700567600525225,-64.95401902248906,60
4.999999999999889,-64.94875362711491,60
5.000000000000055,-64.31459150317089,60
5.000053717757428,-64.31237148229778,60
5.047690608056301,-63.266860541642174,60
5.144269645905999,-62.08418052805079,60
5.346586742221548,-60.59392195092929,60
5.732662722650572,-58.54908524324781,60
5.999999999999867,-57.29243759552241,60
6.000000000000067,-57.92659971946643,60
6.058041799166304,-58.88312531100217,60
6.160808223617605,-59.73202079047259,60
6.384819235273044,-60.694048865759044,60
6.829191660861859,-61.95918113530586,60
7.702838218631143,-63.56980010649929,60
9.077005549825577,-64.99521269988932,60
10.45117288102001,-65.5150160345681,60
11.825340212214444,-65.57429141506755,60
14.152761735829898,-65.34506536544436,60
18.245897133184812,-64.68746843441824,60
0.0,-65.0,65
3.432259064882426e-05,-64.99999895923592,65
0.3432602290788914,-64.99155411551845,65
0.9999999999999778,-64.97738800311187,65
1.000000000000011,-64.97738800311187,65
1.000040816669016,-64.97738714142709,65
1.4082075067180826,-64.97032761812576,65
1.9999999999999556,-64.96181016756371,65
2.000000000000022,-64.96181016756371,65
2.0001169939766297,-64.96180861741635,65
3.1700567600525225,-64.95401902248906,65
4.999999999999889,-64.94875362711491,65
5.000000000000055,-64.26218141028296,65
5.000053717757428,-64.25977790420211,65
5.045837897109607,-63.15750067286545,65
5.137410551352339,-61.91460544769484,65
5.326742885230026,-60.358259307717105,65
5.684619013464978,-58.24508659011329,65
5.999999999999867,-56.559652205566266,65
6.000000000000067,-57.24622442239822,65
6.055746510951117,-58.243067102531754,65
6.153018578342881,-59.117650804064,65
6.362758374019684,-60.09294612327001,65
6.7758397188473865,-61.388476484527935,65
7.59312069311276,-63.11366917033597,65
8.873866888623226,-64.75464850324387,65
10.154613084133693,-65.4554535185423,65
11.43535927964416,-65.64553922053896,65
13.5705063372288,-65.55173846608055,65
17.184377464583914,-64.8496499196128,65
0.0,-65.0,70
3.432259064882426e-05,-64.99999895923592,70
0.3432602290788914,-64.99155411551845,70
0.9999999999999778,-64.97738800311187,70
1.000000000000011,-64.97738800311187,70
1.000040816669016,-64.97738714142709,70
1.4082075067180826,-64.97032761812576,70
1.9999999999999556,-64.96181016756371,70
2.000000000000022,-64.96181016756371,70
2.0001169939766297,-64.96180861741635,70
3.1700567600525225,-64.95401902248906,70
4.999999999999889,-64.94875362711491,70
5.000000000000055,-64.20977131739502,70
5.000053717757428,-64.20718432610646,70
5.044185848367403,-63.04973247310734,70
5.131361650913499,-61.748431861584386,70
5.309438552698239,-60.128252176914856,70
5.643102645150203,-57.94755525591558,70
5.999999999999867,-55.800475903329776,70
6.000000000000067,-56.53945821304967,70
6.053712496714821,-57.570902120514994,70
6.146199617589188,-58.46519869942295,70
6.343843172209049,-59.44022143083169,70
6.73004582341137,-60.74622547808889,70
7.5026253775002285,-62.56825513863973,70
8.706385104897537,-64.43556927884953,70
9.910144832294845,-65.34490522331872,70
11.113904559692154,-65.69307230394128,70
13.075166993861696,-65.76311430177834,70
16.275098009216972,-65.0487912402095,70
0.0,-65.0,75
3.432259064882426e-05,-64.99999895923592,75
0.3432602290788914,-64.99155411551845,75
0.9999999999999778,-64.97738800311187,75
1.000000000000011,-64.97738800311187,75
1.000040816669016,-64.97738714142709,75
1.4082075067180826,-64.97032761812576,75
1.9999999999999556,-64.96181016756371,75
2.000000000000022,-64.96181016756371,75
2.0001169939766297,-64.96180861741635,75
3.1700567600525225,-64.95401902248906,75
4.999999999999889,-64.94875362711491,75
5.000000000000055,-64.15736122450708,75
5.000053717757428,-64.15459074801079,75
5.042700669607783,-62.94341046268956,75
5.125978846500063,-61.585340873059685,75
5.294198678012199,-59.90334178073273,75
5.606844885788276,-57.658125918175074,75
5.999999999999867,-55.01697810246781,75
6.000000000000067,-55.808370505075644,75
6.051873218143627,-56.86784908610923,75
6.140103441882725,-57.77259918181417,75
6.327228319539421,-58.73019609984727,75
6.690288863366677,-60.01455452366597,75
7.427582580896416,-61.89092703438231,75
8.57198875461698,-63.998190630536016,75
9.716394928337543,-65.15748077492898,75
10.860801102058106,-65.71134717987306,75
12.683593330500775,-65.6944620063314,75
14.506385558943444,-65.44205206544898,75
18.04497872597391,-64.93620190672435,75
0.0,-65.0,80
3.432259064882426e-05,-64.99999895923592,80
0.3432602290788914,-64.99155411551845,80
0.9999999999999778,-64.97738800311187,80
1.000000000000011,-64.97738800311187,80
1.000040816669016,-64.97738714142709,80
1.4082075067180826,-64.97032761812576,80
1.9999999999999556,-64.96181016756371,80
2.000000000000022,-64.96181016756371,80
2.0001169939766297,-64.96180861741635,80
3.1700567600525225,-64.95401902248906,80
4.999999999999889,-64.94875362711491,80
5.000000000000055,-64.10495113161915,80
5.000053717757428,-64.10199716991512,80
5.041356034428633,-62.83841097555352,80
5.12115115783363,-61.42506237077911,80
5.28066142768262,-59.683059591351736,80
5.574887835456249,-57.37629348868651,80
5.999999999999867,-54.21241112288849,80
6.000000000000067,-55.056213618384255,80
6.050204265764058,-56.13599913846723,80
6.134647016084409,-57.04045946966047,80
6.312546728739118,-57.96110838747931,80
6.655831145621936,-59.18705323683498,80
7.3672768959989074,-61.05210086000986,80
8.470947997949327,-63.38837405574894,80
9.574619099899747,-64.84264675562315,80
10.678290201850167,-65.67674883737993,80
12.432585200431356,-65.81941300631541,80
14.186880199012545,-65.6715103626324,80
17.23815314076995,-65.17188250588072,80
0.0,-65.0,85
3.432259064882426e-05,-64.99999895923592,85
0.3432602290788914,-64.99155411551845,85
0.9999999999999778,-64.97738800311187,85
1.000000000000011,-64.97738800311187,85
1.000040816669016,-64.97738714142709,85
1.4082075067180826,-64.97032761812576,85
1.9999999999999556,-64.96181016756371,85
2.000000000000022,-64.96181016756371,85
2.0001169939766297,-64.96180861741635,85
3.1700567600525225,-64.95401902248906,85
4.999999999999889,-64.94875362711491,85
5.000000000000055,-64.05254103873122,85
5.049013516129253,-62.545153954225924,85
5.130924320110959,-61.063961510096206,85
5.293843440433642,-59.22454606954986,85
5.589725290660118,-56.7617307011787,85
5.999999999999867,-53.40190974441547,85
6.000000000000067,-54.298122332799174,85
6.048787420903183,-55.39448206289832,85
6.130001738784405,-56.292262503453486,85
6.300019257327608,-57.151266618385065,85
6.624977308752669,-58.26039703254235,85
7.318184364221208,-59.97295658518282,85
8.411470303952793,-62.43504811342035,85
9.504756243684378,-64.6118579528589,85
11.203230497181066,-65.64556632582553,85
12.901704750677753,-66.0805511160483,85
14.600179004174441,-65.85308805636804,85
17.566517187597768,-65.1509641274591,85
0.0,-65.0,90
3.432259064882426e-05,-64.99999895923592,90
0.3432602290788914,-64.99155411551845,90
0.9999999999999778,-64.97738800311187,90
1.000000000000011,-64.97738800311187,90
1.000040816669016,-64.97738714142709,90
1.4082075067180826,-64.97032761812576,90
1.9999999999999556,-64.96181016756371,90
2.000000000000022,-64.96181016756371,90
2.0001169939766297,-64.96180861741635,90
3.1700567600525225,-64.95401902248906,90
4.999999999999889,-64.94875362711491,90
5.000000000000055,-64.00013094584328,90
5.047640315571922,-62.43447821560562,90
5.126482361396124,-60.900462641919646,90
5.28185893393414,-59.003307023397134,90
5.562284736125107,-56.48060429834298,90
5.999999999999867,-52.54269979126389,90
6.000000000000067,-53.491322472535536,90
6.04741840762335,-54.59139734330713,90
6.125600390498205,-55.466404697960776,90
6.2886046278906775,-56.23209692650462,90
6.5969753499636905,-57.15568505649449,90
7.281625068571772,-58.48135162817092,90
8.412469716414408,-60.983755889521,90
9.543314364257045,-63.76681241964544,90
10.67415901209968,-65.5676517465359,90
11.805003659942317,-66.35399520131293,90
12.935848307784953,-66.42438754367419,90
14.662729895437328,-66.1048702682221,90
17.50666661610881,-64.90916101390964,90
0.0,-65.0,95
3.432259064882426e-05,-64.99999895923592,95
0.3432602290788914,-64.99155411551845,95
0.9999999999999778,-64.97738800311187,95
1.000000000000011,-64.97738800311187,95
1.000040816669016,-64.97738714142709,95
1.4082075067180826,-64.97032761812576,95
1.9999999999999556,-64.96181016756371,95
2.000000000000022,-64.96181016756371,95
2.0001169939766297,-64.96180861741635,95
3.1700567600525225,-64.95401902248906,95
4.999999999999889,-64.94875362711491,95
5.000000000000055,-63.94772085295534,95
5.046376421641091,-62.32498194761341,95
5.122424912311642,-60.73923204845699,95
5.2710043466611864,-58.78579131244977,95
5.5375587835361495,-56.20556765727821,95
5.999999999999867,-51.661538248211855,95
6.000000000000067,-52.662571022371424,95
6.046187042925876,-53.756045697131945,95
6.121673628470795,-54.59197007980604,95
6.278436501564324,-55.226521275175244,95
6.571601605421353,-55.86848285909807,95
7.252038931251386,-56.36929813442373,95
8.422528426990743,-57.36342565281878,95
9.5930179227301,-60.07777381911293,95
10.763507418469457,-62.06025563863523,95
11.933996914208814,-65.07552652030752,95
13.104486409948171,-66.78400900649278,95
14.274975905687528,-67.04213685198408,95
15.445465401426885,-66.73055547924137,95
16.615954897166244,-66.2052492705512,95
18.676179474595507,-65.2491342965216,95
0.0,-65.0,100
3.432259064882426e-05,-64.99999895923592,100
0.3432602290788914,-64.99155411551845,100
0.9999999999999778,-64.97738800311187,100
1.000000000000011,-64.97738800311187,100
1.000040816669016,-64.97738714142709,100
1.4082075067180826,-64.97032761812576,100
1.9999999999999556,-64.96181016756371,100
2.000000000000022,-64.96181016756371,100
2.0001169939766297,-64.96180861741635,100
3.1700567600525225,-64.95401902248906,100
4.999999999999889,-64.94875362711491,100
5.000000000000055,-63.89531076006741,100
5.045208062320264,-62.21658555957803,100
5.118700868086895,-60.58019357206117,100
5.261116808554538,-58.57182083436626,100
5.515166951512281,-55.93621046369269,100
5.968992190712519,-51.14160763788254,100
5.999999999999867,-50.76959604332182,100
6.000000000000067,-51.823038910369334,100
6.045018738809841,-52.90472310888869,100
6.117995548577191,-53.690632651059715,100
6.268790084642488,-54.15803645213905,100
6.545878053750944,-54.41347142647289,100
7.195482628498397,-53.461299879382224,100
7.845087203245849,-52.615501997982896,100
9.485861092997544,-42.66808247896924,100
9.505266019595998,-38.937081225619295,100
9.524670946194453,-35.43775869902348,100
9.582969411038789,-25.203198757372537,100
9.60784716764059,-20.816930330843064,100
9.632724924242392,-16.368471145100642,100
9.708158688739548,-2.1693818850506394,100
9.783592453236704,10.158217943319798,100
9.85902621773386,17.657525270058137,100
9.934459982231015,20.839725232884742,100
10.00989374672817,21.126773806256143,100
10.085327511225326,19.6913794359546,100
10.160761275722482,17.257405453182628,100
10.236195040219638,14.241303381030363,100
10.311628804716793,10.886855136335555,100
10.387062569213949,7.3440209676175225,100
10.462496333711105,3.7096244187312526,100
10.53793009820826,0.047937567365611694,100
10.613363862705416,-3.5983679832747413,100
10.688797627202572,-7.201639922870753,100
10.764231391699727,-10.745300405496671,100
10.839665156196883,-14.22135037041606,100
10.915098920694039,-17.62857515600141,100
10.990532685191194,-20.972065457645922,100
11.06596644968835,-24.26395042908389,100
11.141400214185506,-27.523374791507816,100
11.216833978682661,-30.778877173914182,100
11.292267743179817,-34.0697618758423,100
11.367701507676973,-37.44745076403448,100
11.443135272174128,-40.9737892714802,100
11.518569036671284,-44.71468402017224,100
11.59400280116844,-48.720971040166525,100
11.669436565665595,-52.98901263696491,100
11.744870330162751,-57.40093995831829,100
11.820304094659907,-61.68790670057946,100
11.895737859157062,-65.4965786724897,100
11.971171623654218,-68.5670077512004,100
12.046605388151374,-70.85117638795494,100
12.12203915264853,-72.4629109120867,100
12.197472917145685,-73.56810745623218,100
12.27290668164284,-74.31698361030924,100
12.348340446139996,-74.82874128659549,100
12.423774210637152,-75.17312724828167,100
12.499207975134308,-75.40533924320266,100
12.574641739631463,-75.56144865917831,100
12.650075504128619,-75.66512318935781,100
12.77116315874027,-75.74991556634258,100
12.892250813351922,-75.78501100805207,100
13.013338467963573,-75.78858719935049,100
13.134426122575224,-75.77130219241509,100
13.255513777186875,-75.739564559796,100
13.376601431798527,-75.69678101048156,100
13.497689086410178,-75.64622365397322,100
13.61877674102183,-75.59007105338841,100
13.73986439563348,-75.52802205562604,100
13.860952050245132,-75.46165639983502,100
13.982039704856783,-75.39147303198054,100
14.103127359468434,-75.31782680583237,100
14.224215014080086,-75.24097799265543,100
14.345302668691737,-75.16112063215341,100
14.466390323303388,-75.07840260174095,100
14.58747797791504,-74.99293983608798,100
14.70856563252669,-74.90482643626962,100
14.829653287138342,-74.81474088633908,100
14.950740941749993,-74.72141424629842,100
15.071828596361645,-74.62568369701847,100
15.192916250973296,-74.52760599359138,100
15.399788376427846,-74.3526497524381,100
15.76518748460953,-74.02314228391538,100
16.514958114583088,-73.26697295401242,100
18.05121027357223,-71.86931842590045,100
0.0,-65.0,105
3.432259064882426e-05,-64.99999895923592,105
0.3432602290788914,-64.99155411551845,105
0.9999999999999778,-64.97738800311187,105
1.000000000000011,-64.97738800311187,105
1.000040816669016,-64.97738714142709,105
1.4082075067180826,-64.97032761812576,105
1.9999999999999556,-64.96181016756371,105
2.000000000000022,-64.96181016756371,105
2.0001169939766297,-64.96180861741635,105
3.1700567600525225,-64.95401902248906,105
4.999999999999889,-64.94875362711491,105
5.000000000000055,-63.84290066717947,105
5.044123778531251,-62.10921842856461,105
5.1152680475939665,-60.42320232268784,105
5.252067496383454,-58.36111719873766,105
5.494789918515385,-55.67194944598328,105
5.924875501877243,-50.82644591606668,105
5.999999999999867,-49.82995669823075,105
6.000000000000067,-50.9358096581662,105
6.0439347445240665,-52.000157027592664,105
6.114545123113303,-52.72320909049141,105
6.259510946835471,-52.979063330370224,105
6.519063421348407,-52.72625095172605,105
7.089221038863116,-49.31418177216612,105
7.231760443241793,-46.116073921913554,105
7.37429984762047,-41.080852563967696,105
7.516839251999148,-33.17803964630534,105
7.552474103093817,-29.339698709127216,105
7.5881089541884865,-24.8813173283041,105
7.653042558645756,-13.432254552740442,105
7.717976163103026,1.0602366454819827,105
7.782909767560296,15.38892516989552,105
7.847843372017566,25.603740339902213,105
7.912776976474836,30.914699166758005,105
7.977710580932106,33.31335856394845,105
8.042644185389376,32.68599107225031,105
8.107577789846646,31.3581431506566,105
8.172511394303916,29.188636995316912,105
8.237444998761186,26.567996827108537,105
8.302378603218456,23.69562421689086,105
8.367312207675726,20.66303901477405,105
8.432245812132996,17.52797660068578,105
8.497179416590265,14.332946753784753,105
8.562113021047535,11.110503574731318,105
8.627046625504805,7.885926260672882,105
8.691980229962075,4.678683048832137,105
8.756913834419345,1.5033525641145777,105
8.821847438876615,-1.629464310214603,105
8.886781043333885,-4.712601809406897,105
8.951714647791155,-7.620593559374122,105
9.016648252248425,-10.665514687090795,105
9.081581856705695,-13.609193044685645,105
9.146515461162965,-16.489738355504294,105
9.211449065620235,-19.312210300779363,105
9.276382670077504,-22.08896593075237,105
9.341316274534774,-24.830517830705617,105
9.406249878992044,-27.5510485563041,105
9.471183483449314,-30.268337369779005,105
9.536117087906584,-33.00414988948194,105
9.601050692363854,-35.78611561459801,105
9.665984296821124,-38.648835517008045,105
9.730917901278394,-41.62988248173061,105
9.795851505735664,-44.76891143899168,105
9.860785110192934,-48.0989168665081,105
9.925718714650204,-51.63239403413638,105
9.990652319107474,-55.33614340107415,105
10.055585923564744,-59.10722961362579,105
10.120519528022013,-62.75644212016369,105
10.185453132479283,-66.04399151971909,105
10.250386736936553,-68.71476559581183,105
10.315320341393823,-70.82447760119601,105
10.380253945851093,-72.32946654400878,105
10.445187550308363,-73.43404933611365,105
10.510121154765633,-74.1962165036466,105
10.575054759222903,-74.73901737809398,105
10.639988363680173,-75.11569379818073,105
10.704921968137443,-75.38171352101794,105
10.769855572594713,-75.56798138058686,105
10.834789177051983,-75.69776802990916,105
10.899722781509253,-75.78709104908258,105
11.003373477459444,-75.8644521526767,105
11.107024173409636,-75.9004362245162,105
11.210674869359828,-75.90963987350088,105
11.31432556531002,-75.90088782927847,105
11.417976261260211,-75.879639509899,105
11.521626957210403,-75.84936374466983,105
11.625277653160595,-75.81231535650105,105
11.728928349110786,-75.7699908570592,105
11.893641973735571,-75.69508457739123,105
12.058355598360356,-75.61228135938576,105
12.22306922298514,-75.52205700565665,105
12.387782847609925,-75.4251206190747,105
12.55249647223471,-75.32211609735408,105
12.717210096859494,-75.21352799124148,105
12.881923721484279,-75.09969725952519,105
13.046637346109064,-74.9808404132029,105
13.211350970733848,-74.85718593421046,105
13.376064595358633,-74.72885811747399,105
13.540778219983418,-74.59598613702475,105
13.705491844608202,-74.45870048696992,105
13.870205469232987,-74.3171370829937,105
15.012168016737254,-73.0881234038945,105
16.77824091690153,-70.99351921380742,105
18.54431381706581,-69.2820337508412,105
19.27407313719497,-68.89289326803869,105
0.0,-65.0,110
3.432259064882426e-05,-64.99999895923592,110
0.3432602290788914,-64.99155411551845,110
0.9999999999999778,-64.97738800311187,110
1.000000000000011,-64.97738800311187,110
1.000040816669016,-64.97738714142709,110
1.4082075067180826,-64.97032761812576,110
1.9999999999999556,-64.96181016756371,110
2.000000000000022,-64.96181016756371,110
2.0001169939766297,-64.96180861741635,110
3.1700567600525225,-64.95401902248906,110
4.999999999999889,-64.94875362711491,110
5.000000000000055,-63.79049057429154,110
5.043113947525959,-62.00281751724872,110
5.11209129793682,-60.26812935276657,110
5.243749872378802,-58.15350458747743,110
5.476157423940051,-55.41241031595016,110
5.884776593546097,-50.51997354863221,110
5.999999999999867,-48.84060368015119,110
6.000000000000067,-49.99886673297458,110
6.042942441569229,-51.03234953772629,110
6.11140650283183,-51.67119730738475,110
6.251064482217967,-51.656298928141936,110
6.492660897802335,-50.75863670428534,110
6.954197558510051,-44.0035215372587,110
7.069581723686981,-37.88978649741175,110
7.1849658888639105,-28.222929854085418,110
7.213811930158143,-24.58179484007275,110
7.242657971452376,-20.252090960712284,110
7.2933496815388965,-10.333103230896135,110
7.399413633080637,12.577558098226463,110
7.505477584622377,28.92156204614876,110
7.611541536164117,35.27552831108187,110
7.717605487705858,33.677562187082096,110
7.823669439247598,29.469400361477422,110
7.929733390789338,24.90870689979898,110
8.03579734233108,19.922861090425833,110
8.14186129387282,14.576532094092055,110
8.24792524541456,9.121050262840129,110
8.3539891969563,3.648741005529096,110
8.46005314849804,-1.7667856519606775,110
8.566117100039781,-7.050222487224917,110
8.672181051581521,-12.165778035903598,110
8.778245003123262,-17.10665601676868,110
8.884308954665002,-21.888457530425427,110
8.990372906206742,-26.548019053426614,110
9.096436857748483,-31.1472004567831,110
9.202500809290223,-35.7784134647819,110
9.308564760831963,-40.575319546692064,110
9.414628712373704,-45.693630134887876,110
9.520692663915444,-51.39011501313836,110
9.626756615457184,-57.40329225771579,110
9.732820566998925,-63.42915677042247,110
9.838884518540665,-68.46035167811611,110
9.944948470082405,-71.93087303331207,110
10.051012421624145,-73.945562543082,110
10.157076373165886,-75.00681454126664,110
10.263140324707626,-75.53944631335041,110
10.369204276249366,-75.80064026541147,110
10.475268227791107,-75.92612971349078,110
10.581332179332847,-75.98068617610747,110
10.687396130874587,-75.99701264403168,110
10.793460082416328,-75.99114257124,110
10.899524033958068,-75.97135780294052,110
11.005587985499808,-75.9421264316728,110
11.17397392268356,-75.88318188639904,110
11.342359859867312,-75.81194577012629,110
11.510745797051063,-75.73133696471947,110
11.679131734234815,-75.64315192446763,110
11.847517671418567,-75.54850297032117,110
12.015903608602319,-75.44807793077464,110
12.18428954578607,-75.34229148583854,110
12.352675482969822,-75.23138483362865,110
12.521061420153574,-75.11549595831754,110
12.689447357337325,-74.99471091447832,110
12.857833294521077,-74.86909912581277,110
13.026219231704829,-74.73872840521086,110
13.19460516888858,-74.60369108363857,110
13.362991106072332,-74.46409837577406,110
13.531377043256084,-74.32007985368399,110
13.699762980439836,-74.17178310453656,110
14.913020679878704,-72.83026958377658,110
16.749576207441063,-70.64631292193324,110
18.58613173500342,-68.91870200076174,110
0.0,-65.0,115
3.432259064882426e-05,-64.99999895923592,115
0.3432602290788914,-64.99155411551845,115
0.9999999999999778,-64.97738800311187,115
1.000000000000011,-64.97738800311187,115
1.000040816669016,-64.97738714142709,115
1.4082075067180826,-64.97032761812576,115
1.9999999999999556,-64.96181016756371,115
2.000000000000022,-64.96181016756371,115
2.0001169939766297,-64.96180861741635,115
3.1700567600525225,-64.95401902248906,115
4.999999999999889,-64.94875362711491,115
5.000000000000055,-63.7380804814036,115
5.0421704210751095,-61.89732625698336,115
5.109141066691554,-60.11485925794525,115
5.236075021127495,-57.94878617711962,115
5.459049707674233,-55.15655175604054,115
5.84827532297812,-50.22380096535144,115
5.999999999999867,-47.808349781417995,115
6.000000000000067,-49.01902292712931,115
6.0420328311246,-50.00801035800668,115
6.108533649006784,-50.53990237042887,115
6.243199067633977,-50.18939518985095,115
6.4661506917218485,-48.50806393469745,115
6.556369639838024,-47.12529351643338,115
6.646588587954199,-45.09728846824364,115
6.6892535220188805,-43.815818351316565,115
6.731918456083562,-42.25554515171273,115
6.855384265101532,-34.27408916917239,115
6.886250717356024,-31.61342403203535,115
6.917117169610516,-28.40698433930889,115
6.9818301426999785,-18.624819615804583,115
7.087841151951122,0.4579225459854155,115
7.1938521612022654,21.633175651426065,115
7.299863170453409,32.94167231678237,115
7.405874179704552,35.482165126892625,115
7.511885188955696,32.79580254811897,115
7.617896198206839,28.53630001477319,115
7.723907207457983,23.8535297355881,115
7.829918216709126,18.74245064970823,115
7.93592922596027,13.358564717764763,115
8.041940235211413,7.89158966108413,115
8.147951244462556,2.431274180906334,115
8.253962253713699,-2.943418311908733,115
8.359973262964841,-8.171831351771925,115
8.465984272215984,-13.228676778429987,115
8.571995281467126,-18.11266376668488,115
8.678006290718269,-22.84334217477647,115
8.784017299969411,-27.46095754046402,115
8.890028309220554,-32.03076752169931,115
8.996039318471697,-36.650215460064295,115
9.10205032772284,-41.57447316939471,115
9.208061336973982,-46.711891696746555,115
9.314072346225124,-52.37013586970422,115
9.420083355476267,-58.25614618344162,115
9.52609436472741,-64.09715422651117,115
9.632105373978552,-68.8595671472289,115
9.738116383229695,-72.10367737307261,115
9.844127392480837,-73.99122762972192,115
9.95013840173198,-75.0016072582899,115
10.056149410983123,-75.52153296277682,115
10.162160420234265,-75.78419925282034,115
10.268171429485408,-75.91441111227543,115
10.37418243873655,-75.97323886669011,115
10.480193447987693,-75.99253745938624,115
10.586204457238836,-75.98853638964685,115
10.692215466489978,-75.96988973571408,115
10.79822647574112,-75.94135544077704,115
10.966496092738733,-75.88310081629025,115
11.134765709736346,-75.81224114837839,115
11.303035326733958,-75.73186977878662,115
11.471304943731571,-75.64387440676975,115
11.639574560729184,-75.54940992203026,115
11.807844177726796,-75.44918211934922,115
11.976113794724409,-75.34361188492723,115
12.144383411722021,-75.23294143027589,115
12.312653028719634,-75.11730760540291,115
12.480922645717246,-74.99679449032982,115
12.649192262714859,-74.87146932220797,115
12.817461879712472,-74.74139769367257,115
12.985731496710084,-74.60666981493303,115
13.154001113707697,-74.46739507119905,115
13.32227073070531,-74.32370142707177,115
13.660140711668015,-74.01241517651069,115
14.300215375802473,-73.3722577484208,115
16.180918022037297,-71.70078057514685,115
0.0,-65.0,120
3.432259064882426e-05,-64.99999895923592,120
0.3432602290788914,-64.99155411551845,120
0.9999999999999778,-64.97738800311187,120
1.000000000000011,-64.97738800311187,120
1.000040816669016,-64.97738714142709,120
1.4082075067180826,-64.97032761812576,120
1.9999999999999556,-64.96181016756371,120
2.000000000000022,-64.96181016756371,120
2.0001169939766297,-64.96180861741635,120
3.1700567600525225,-64.95401902248906,120
4.999999999999889,-64.94875362711491,120
5.000000000000055,-63.68567038851566,120
5.041286247132835,-61.792693636287716,120
5.106392311918601,-59.96328822815164,120
5.228968118708798,-57.74678611497205,120
5.44328273120861,-54.90344552318833,120
5.815002801887825,-49.93476378394609,120
5.999999999999867,-46.73208097142796,120
6.000000000000067,-47.99516421002721,120
6.0411839337587105,-48.92513337136225,120
6.1058718031770765,-49.32528948716909,120
6.2356909617532565,-48.57085640790441,120
6.439604400053182,-46.004069357969335,120
6.643517838353107,-38.22677977045447,120
6.694496197928088,-34.697197089699706,120
6.745474557503069,-30.128735997402988,120
6.79645291707805,-23.36692847814238,120
6.847431276653031,-15.133125669830392,120
6.8984096362280125,-4.923588293867383,120
6.983837716375038,13.17655401740548,120
7.069265796522063,28.331741233967396,120
7.154693876669088,35.44470297738505,120
7.240121956816114,35.96424257733695,120
7.325550036963139,33.68243605010907,120
7.410978117110164,30.534445470435863,120
7.49640619725719,26.906444466907278,120
7.581834277404215,22.912653405421686,120
7.66726235755124,18.681348162499244,120
7.7526904376982655,14.303304028200472,120
7.838118517845291,9.855538358114542,120
7.923546597992316,5.409598744628919,120
8.008974678139342,1.0184517919646672,120
8.094402758286368,-3.2843236990018365,120
8.179830838433393,-7.48041364089662,120
8.265258918580418,-11.601729004242594,120
8.350686998727443,-15.553720430837235,120
8.436115078874469,-19.40679037928602,120
8.521543159021494,-23.16725591326386,120
8.60697123916852,-26.8699952435197,120
8.692399319315545,-30.538282636413328,120
8.77782739946257,-34.22196802058,120
8.863255479609595,-37.97781027340271,120
8.94868355975662,-41.88664883134394,120
9.034111639903646,-46.0279596079519,120
9.119539720050671,-50.46795178950309,120
9.204967800197696,-55.19229303872498,120
9.290395880344722,-60.03570240709159,120
9.375823960491747,-64.61638849553476,120
9.461252040638772,-68.46103773090671,120
9.546680120785798,-71.28885482982903,120
9.632108200932823,-73.15970949009679,120
9.717536281079848,-74.31993336009656,120
9.802964361226874,-75.01763397441877,120
9.888392441373899,-75.43311211704805,120
9.973820521520924,-75.68109897400834,120
10.05924860166795,-75.82759762642505,120
10.144676681814975,-75.91255704242481,120
10.230104761962,-75.95863796542972,120
10.315532842109025,-75.9795567878342,120
10.40096092225605,-75.98353083446406,120
10.486389002403076,-75.97564545501778,120
10.653916734529627,-75.93979273198455,120
10.821444466656178,-75.88322082983358,120
10.98897219878273,-75.81259514954567,120
11.15649993090928,-75.73191604574964,120
11.324027663035832,-75.64353289727273,120
11.491555395162383,-75.54883205836757,120
11.659083127288934,-75.44859391848273,120
11.826610859415485,-75.34321844783284,120
11.994138591542036,-75.23288780008363,120
12.161666323668587,-75.11768144960264,120
12.329194055795138,-74.9976472003193,120
12.49672178792169,-74.87283662154054,120
12.66424952004824,-74.74331171291459,120
12.831777252174792,-74.60916318673262,120
12.999304984301343,-74.47050077773588,120
13.166832716427894,-74.327451402758,120
13.425369532079703,-74.098523351393,120
14.611489726190664,-72.78234955395848,120
16.5307784567076,-71.19163863804718,120
18.450067187224537,-69.54938147631034,120
0.0,-65.0,125
3.432259064882426e-05,-64.99999895923592,125
0.3432602290788914,-64.99155411551845,125
0.9999999999999778,-64.97738800311187,125
1.000000000000011,-64.97738800311187,125
1.000040816669016,-64.97738714142709,125
1.4082075067180826,-64.97032761812576,125
1.9999999999999556,-64.96181016756371,125
2.000000000000022,-64.96181016756371,125
2.0001169939766297,-64.96180861741635,125
3.1700567600525225,-64.95401902248906,125
4.999999999999889,-64.94875362711491,125
5.000000000000055,-63.63326029562773,125
5.040455453135222,-61.68887344996121,125
5.103823659666369,-59.81332244895924,125
5.222365721784133,-57.54723391728,125
5.428709343788115,-54.65409010954029,125
5.784354121095326,-49.65143025345894,125
5.999999999999867,-45.614043287028295,125
6.000000000000067,-46.929536618515485,125
6.040410324423354,-47.78503352560647,125
6.103437164679277,-48.0266988291368,125
6.228500995672856,-46.798712161752,125
6.353564826666434,-44.70215339767202,125
6.584349619715937,-35.202803374019936,125
6.642045817978312,-30.472689531178748,125
6.6997420162406875,-23.93787832270931,125
6.855754333572406,5.023858061326912,125
7.011766650904125,29.402156396394904,125
7.167778968235844,35.28855414718386,125
7.323791285567562,30.676129888191948,125
7.479803602899281,25.54311666686638,125
7.635815920231,17.865367678977826,125
7.791828237562719,9.175865094948945,125
7.947840554894437,1.2194948215657513,125
8.103852872226156,-6.596998334557752,125
8.259865189557875,-13.834692392932347,125
8.415877506889593,-21.157962236118042,125
8.571889824221312,-28.21350904286848,125
8.727902141553031,-34.660159254483666,125
8.88391445888475,-41.815048973030024,125
9.039926776216468,-49.992453607992836,125
9.195939093548187,-58.418644551725755,125
9.351951410879906,-66.3370962699591,125
9.507963728211624,-71.68644874966454,125
9.663976045543343,-74.45363411198367,125
9.819988362875062,-75.59752582091248,125
9.97600068020678,-75.98048074133028,125
10.061507995496672,-76.01292493904764,125
10.147015310786564,-76.01767597441236,125
10.232522626076456,-76.01333007198211,125
10.318029941366348,-76.0041591972708,125
10.40353725665624,-75.99030825522132,125
10.566243670712362,-75.95103157341347,125
10.728950084768485,-75.89634091778572,125
10.891656498824608,-75.82910705667535,125
11.05436291288073,-75.75220020595484,125
11.217069326936853,-75.66779123980498,125
11.379775740992976,-75.57727182818147,125
11.542482155049099,-75.4814331296574,125
11.705188569105221,-75.38068195418722,125
11.867894983161344,-75.2752112654303,125
12.030601397217467,-75.16511144893943,125
12.19330781127359,-75.05043410411326,125
12.356014225329712,-74.93122481122828,125
12.518720639385835,-74.80751057528863,125
12.681427053441958,-74.67940648246554,125
12.84413346749808,-74.54698557447537,125
13.006839881554203,-74.41034851077538,125
13.30461630821368,-74.14202365861162,125
13.909211725209305,-73.54882425219364,125
15.665253255584584,-71.97830442867823,125
0.0,-65.0,130
3.432259064882426e-05,-64.99999895923592,130
0.3432602290788914,-64.99155411551845,130
0.9999999999999778,-64.97738800311187,130
1.000000000000011,-64.97738800311187,130
1.000040816669016,-64.97738714142709,130
1.4082075067180826,-64.97032761812576,130
1.9999999999999556,-64.96181016756371,130
2.000000000000022,-64.96181016756371,130
2.0001169939766297,-64.96180861741635,130
3.1700567600525225,-64.95401902248906,130
4.999999999999889,-64.94875362711491,130
5.000000000000055,-63.58085020273979,130
5.039672875411346,-61.585823675806886,130
5.101416745345875,-59.6648767792659,130
5.216213663456941,-57.34993244669532,130
5.415200114732125,-54.4081056090146,130
5.756028008585108,-49.37086873183153,130
5.999999999999867,-44.44470457886099,130
6.000000000000067,-45.81260800323612,130
6.0396843731324115,-46.57540529864099,130
6.1011658776679205,-46.6276963575738,130
6.221439126948649,-44.84929373900663,130
6.341712376229378,-41.87494593688702,130
6.569468205125556,-27.97148241361579,130
6.626407162349601,-21.006762920007702,130
6.683346119573645,-11.492674234454892,130
6.814058047510521,17.19599450011123,130
6.944769975447397,32.82680691495954,130
7.075481903384272,35.80970112823376,130
7.206193831321148,31.70827591329022,130
7.336905759258023,26.27056470713918,130
7.467617687194899,20.48284648917709,130
7.5983296151317745,14.069398668551338,130
7.72904154306865,7.460544641210537,130
7.859753471005526,0.8863739510848935,130
7.990465398942401,-5.595158025956942,130
8.121177326879277,-11.877547703020172,130
8.251889254816152,-17.919038959751877,130
8.382601182753028,-23.730985216592586,130
8.513313110689904,-29.38312195999324,130
8.64402503862678,-35.007163447673506,130
8.774736966563655,-40.81291280486156,130
8.90544889450053,-47.06269000194817,130
9.036160822437406,-53.94503297105458,130
9.166872750374282,-61.18698099926748,130
9.297584678311157,-67.61687707264794,130
9.428296606248033,-71.8032532309205,130
9.559008534184908,-74.10767442823156,130
9.689720462121784,-75.23538687545098,130
9.82043239005866,-75.74354181910036,130
9.951144317995535,-75.95542640525329,130
10.08185624593241,-76.02631619834446,130
10.212568173869286,-76.03100373774917,130
10.343280101806162,-76.00545708079906,130
10.473992029743037,-75.96524425688425,130
10.604703957679913,-75.91670906408534,130
10.806460406423616,-75.83135810259533,130
11.00821685516732,-75.73471697818765,130
11.209973303911022,-75.62821056149224,130
11.411729752654725,-75.51286651615499,130
11.613486201398429,-75.38946159316683,130
11.815242650142132,-75.25852754486873,130
12.016999098885835,-75.12039006317755,130
12.218755547629538,-74.97524152960455,130
12.420511996373241,-74.82321544392984,130
12.622268445116944,-74.66443498625637,130
12.824024893860647,-74.49906589702331,130
13.02578134260435,-74.3273120826711,130
13.227537791348054,-74.14941626984225,130
13.786228656668301,-73.59812717852412,130
14.70405888690086,-72.61406938911533,130
17.036078816465327,-70.67715658637103,130
19.368098746029794,-68.81108002598367,130
0.0,-65.0,135
3.432259064882426e-05,-64.99999895923592,135
0.3432602290788914,-64.99155411551845,135
0.9999999999999778,-64.97738800311187,135
1.000000000000011,-64.97738800311187,135
1.000040816669016,-64.97738714142709,135
1.4082075067180826,-64.97032761812576,135
1.9999999999999556,-64.96181016756371,135
2.000000000000022,-64.96181016756371,135
2.0001169939766297,-64.96180861741635,135
3.1700567600525225,-64.95401902248906,135
4.999999999999889,-64.94875362711491,135
5.000000000000055,-63.52844010985186,135
5.038934023612364,-61.48350595080042,135
5.099155693599348,-59.51787364607223,135
5.2104654023815735,-57.15495092443422,135
5.402627540873241,-54.165557165343415,135
5.729798445613562,-49.09834427111866,135
5.999999999999867,-42.08388581297797,135
6.000000000000067,-43.50419933024103,135
6.039061468143674,-43.913915566667235,135
6.099145914922662,-43.331719305686185,135
6.212244417201265,-39.510788932591716,135
6.325342919479867,-32.24118922938109,135
6.43844142175847,-21.29048414581211,135
6.466716047328121,-16.163134076312293,135
6.494990672897772,-10.574681075946977,135
6.54885674867272,1.990709078342261,135
6.6438488085347736,21.877299224886652,135
6.738840868396827,34.06051107494782,135
6.833832928258881,36.871572732672085,135
6.928824988120934,35.37469796952611,135
7.023817047982988,31.560080961404598,135
7.118809107845041,27.47646325816827,135
7.213801167707095,23.162614357132785,135
7.308793227569148,18.47706780100593,135
7.403785287431202,13.62488451214841,135
7.498777347293255,8.724258453161546,135
7.593769407155309,3.831801033700645,135
7.688761467017362,-0.9856820953725642,135
7.783753526879416,-5.685508215539771,135
7.878745586741469,-10.249629302234878,135
7.973737646603523,-14.674124105665943,135
8.068729706465577,-18.966289415782093,135
8.163721766327631,-23.143410434872294,135
8.258713826189686,-27.23557695697217,135
8.35370588605174,-31.2874019562176,135
8.448697945913795,-35.437354279882285,135
8.543690005775849,-39.61172711629571,135
8.638682065637903,-44.041037939557874,135
8.733674125499958,-48.71986318164025,135
8.828666185362012,-53.81855220127725,135
8.923658245224066,-59.07210164400107,135
9.01865030508612,-64.16494364140964,135
9.113642364948175,-68.40196313745882,135
9.20863442481023,-71.45068620140829,135
9.303626484672284,-73.38589734980319,135
9.398618544534338,-74.53262822481028,135
9.493610604396393,-75.19155523978466,135
9.588602664258447,-75.56645058875523,135
9.683594724120502,-75.77867223196684,135
9.778586783982556,-75.89705355741647,135
9.87357884384461,-75.95882870457103,135
9.968570903706665,-75.98570221943191,135
10.06356296356872,-75.99026049698686,135
10.158555023430774,-75.98006399585556,135
10.253547083292828,-75.95971671982862,135
10.427824312909594,-75.90647987790624,135
10.602101542526361,-75.83717085601755,135
10.776378772143127,-75.75638828531159,135
10.950656001759894,-75.66682874576578,135
11.12493323137666,-75.57006780905215,135
11.299210460993427,-75.46703804764454,135
11.473487690610193,-75.3582759387695,135
11.64776492022696,-75.24407167091265,135
11.822042149843726,-75.12457307820054,135
11.996319379460493,-74.99986068145583,135
12.17059660907726,-74.86999731697263,135
12.344873838694026,-74.73504832007836,135
12.519151068310792,-74.59511062008475,135
12.693428297927559,-74.45030533736053,135
12.867705527544326,-74.30077593183324,135
13.131085314146116,-74.06631178336669,135
14.427025638646816,-72.59536145514289,135
15.722965963147516,-71.22919026352378,135
19.57959749942655,-68.9440927810699,135
0.0,-65.0,140
3.432259064882426e-05,-64.99999895923592,140
0.3432602290788914,-64.99155411551845,140
0.9999999999999778,-64.97738800311187,140
1.000000000000011,-64.97738800311187,140
1.000040816669016,-64.97738714142709,140
1.4082075067180826,-64.97032761812576,140
1.9999999999999556,-64.96181016756371,140
2.000000000000022,-64.96181016756371,140
2.0001169939766297,-64.96180861741635,140
3.1700567600525225,-64.95401902248906,140
4.999999999999889,-64.94875362711491,140
5.000000000000055,-63.47603001696392,140
5.0382349718370225,-61.38188513235519,140
5.097026703410817,-59.37224211881562,140
5.205080712429529,-56.962167916885434,140
5.390895154871534,-53.926220848206086,140
5.705442705822375,-48.832873370002716,140
5.999999999999867,-40.44745041699196,140
6.000000000000067,-41.920174027142956,140
6.038506045620256,-42.08701127457235,140
6.097357029758755,-41.053894438746724,140
6.203853455271845,-35.926065109875296,140
6.310349880784934,-26.80007057046143,140
6.416846306298024,-6.929963496114469,140
6.5233427318111135,17.457551815505514,140
6.629839157324203,31.05735948935983,140
6.673201642992754,34.02022704441684,140
6.716564128661305,35.52607646165868,140
6.7599266143298555,35.77038473986716,140
6.838179250773904,34.754109371500526,140
6.916431887217953,32.188684189250324,140
6.994684523662001,28.950592530286997,140
7.07293716010605,25.440868008812487,140
7.151189796550098,21.71408772832447,140
7.229442432994147,17.826309868209073,140
7.3076950694381955,13.84602217540039,140
7.385947705882244,9.825996447209276,140
7.464200342326293,5.811077074821126,140
7.542452978770341,1.8375692205895133,140
7.62070561521439,-2.069624624203294,140
7.698958251658438,-5.895512601659688,140
7.777210888102487,-9.632881285286858,140
7.855463524546535,-13.280508131783451,140
7.933716160990584,-16.841593055917727,140
8.011968797434632,-20.323733319953416,140
8.09022143387868,-23.73986539052078,140
8.168474070322729,-27.1417255698976,140
8.246726706766777,-30.479425501276452,140
8.324979343210826,-33.84216760528174,140
8.403231979654874,-37.254745385164604,140
8.481484616098923,-40.805523733772176,140
8.559737252542972,-44.538948471579445,140
8.63798988898702,-48.53300028893657,140
8.716242525431069,-52.79409154488134,140
8.794495161875117,-57.274254271772755,140
8.872747798319166,-61.749959707045576,140
8.951000434763214,-65.86962356905288,140
9.029253071207263,-69.25445214895466,140
9.107505707651312,-71.73577898289103,140
9.18575834409536,-73.39648261575502,140
9.264010980539409,-74.44534795482367,140
9.342263616983457,-75.0875687900635,140
9.420516253427506,-75.47574475069835,140
9.498768889871554,-75.7096319411369,140
9.577021526315603,-75.8502044847557,140
9.655274162759651,-75.93352234237138,140
9.7335267992037,-75.9807219967472,140
9.811779435647749,-76.00436375141963,140
9.890032072091797,-76.01192234958118,140
9.968284708535846,-76.00816011192398,140
10.091403552404284,-75.98753825938506,140
10.287108355927641,-75.93081733909423,140
10.482813159450998,-75.85296591733561,140
10.678517962974356,-75.76081823622894,140
10.874222766497713,-75.6581054251428,140
11.06992757002107,-75.54682264922666,140
11.265632373544427,-75.42805862541499,140
11.461337177067785,-75.30237639003563,140
11.657041980591142,-75.17003380355209,140
11.8527467841145,-75.0311368346725,140
12.048451587637857,-74.88574508905297,140
12.244156391161214,-74.7339258412881,140
12.439861194684571,-74.57579524365067,140
12.635565998207928,-74.41151968349271,140
12.831270801731286,-74.24130710737224,140
13.137560510905079,-73.96378065661129,140
14.371605439118142,-72.55894638922166,140
16.34433898741018,-70.93634468913825,140
18.317072535702216,-69.28125591710784,140
0.0,-65.0,145
3.432259064882426e-05,-64.99999895923592,145
0.3432602290788914,-64.99155411551845,145
0.9999999999999778,-64.97738800311187,145
1.000000000000011,-64.97738800311187,145
1.000040816669016,-64.97738714142709,145
1.4082075067180826,-64.97032761812576,145
1.9999999999999556,-64.96181016756371,145
2.000000000000022,-64.96181016756371,145
2.0001169939766297,-64.96180861741635,145
3.1700567600525225,-64.95401902248906,145
4.999999999999889,-64.94875362711491,145
5.000000000000055,-63.423619924075986,145
5.037572270577661,-61.28092892407801,145
5.09501771444116,-59.22791712415488,145
5.20002463674205,-56.77147269646565,145
5.379919413178101,-53.689897355353494,145
5.682768115872932,-48.57305687970589,145
5.762076086904665,-46.927847117270126,145
5.8413840579363985,-45.06433711625672,145
5.999999999999867,-39.92432050295676,145
6.000000000000067,-41.44945420599569,145
6.037447064372074,-41.71115036498952,145
6.093971557636766,-40.79213242201353,145
6.195550580449943,-36.02180563659604,145
6.29712960326312,-27.47622604793791,145
6.3987086260762975,-14.865948077104669,145
6.424103381779592,-9.497414005606421,145
6.449498137482886,-3.833610392055375,145
6.501785717917849,8.710656276579403,145
6.602628160523622,27.938117314457486,145
6.703470603129396,36.496929191520906,145
6.804313045735169,36.41999298044324,145
6.9051554883409425,33.86124448771123,145
7.005997930946716,29.334590055383337,145
7.106840373552489,24.658740744127478,145
7.207682816158263,19.905158178669573,145
7.308525258764036,14.819386204802907,145
7.40936770136981,9.616818096641948,145
7.510210143975583,4.440862662580313,145
7.611052586581357,-0.6658095138515925,145
7.71189502918713,-5.6514976714591185,145
7.812737471792904,-10.487197705604057,145
7.913579914398677,-15.166910759286091,145
8.01442235700445,-19.69941669901102,145
8.115264799610223,-24.107813278861933,145
8.216107242215996,-28.430167401599856,145
8.316949684821768,-32.72668053625603,145
8.417792127427541,-37.082029423573964,145
8.518634570033313,-41.71000314558417,145
8.619477012639086,-46.53205825046567,145
8.720319455244859,-51.79847750809249,145
8.821161897850631,-57.290815227457735,145
8.922004340456404,-62.82100456783274,145
9.022846783062176,-67.56219125093853,145
9.123689225667949,-71.04120707167996,145
9.224531668273722,-73.23105886464216,145
9.325374110879494,-74.4980350371488,145
9.426216553485267,-75.20354538894388,145
9.52705899609104,-75.59155991193681,145
9.627901438696812,-75.8034849297018,145
9.728743881302584,-75.91689985318777,145
9.829586323908357,-75.972306131508,145
9.93042876651413,-75.99270151654312,145
10.031271209119902,-75.99110280936192,145
10.132113651725675,-75.97516647092708,145
10.232956094331447,-75.94944814282991,145
10.40382151255228,-75.89204069509074,145
10.574686930773114,-75.82096831656614,145
10.745552348993947,-75.73983011974141,145
10.91641776721478,-75.65074802586408,145
11.087283185435613,-75.55497924852266,145
11.258148603656446,-75.45327730011158,145
11.429014021877279,-75.34608490704899,145
11.599879440098112,-75.23365190485609,145
11.770744858318945,-75.11611539782868,145
11.941610276539778,-74.99355733813125,145
12.112475694760612,-74.86604351603775,145
12.283341112981445,-74.73364003442944,145
12.454206531202278,-74.59644061360142,145
12.625071949423111,-74.45456011994403,145
12.795937367643944,-74.30813360111084,145
13.055423097438899,-74.07752342324581,145
14.226533620793575,-72.77858137349085,145
16.133393156648662,-71.19079888840022,145
18.04025269250375,-69.55567938882047,145
19.947112228358836,-67.60876766950878,145
